"bookId","textbook","volume","medium","chapterId","chapter","batchId","total","pending","reviewed","approved","rejected","keyMatched","ambiguous","unresolved","issues","candidateIds"
"12-accountancy-tamil-6e7f5476","Accountancy","","Tamil","tb-12-accountancy-tamil-6e7f5476-ch-1","Chapter 1","tb-12-accountancy-tamil-6e7f5476-ch-1-review-01","10","10","0","0","0","0","10","10","Transcribe the original question and all four choices; Key page is ambiguous or contains multiple exercise keys; proposed answer is not independently confirmed.; Printed key mapping is ambiguous; verify the chapter/exercise and answer manually.; Transcribe separated Tamil letter marks before text publication; Transcribe fragmented Tamil words before text publication","textbook-q-12-accountancy-tamil-6e7f5476-42e237db61052c82; textbook-q-12-accountancy-tamil-6e7f5476-4d8fffb87c938789; textbook-q-12-accountancy-tamil-6e7f5476-6c0d6092b408cf98; textbook-q-12-accountancy-tamil-6e7f5476-6e601acb8bb509ed; textbook-q-12-accountancy-tamil-6e7f5476-928eaa235d035b17; textbook-q-12-accountancy-tamil-6e7f5476-9bfcf43750156b57; textbook-q-12-accountancy-tamil-6e7f5476-d6cbb9d7e9458688; textbook-q-12-accountancy-tamil-6e7f5476-da7909cf7574e838; textbook-q-12-accountancy-tamil-6e7f5476-e44d737bb25e2222; textbook-q-12-accountancy-tamil-6e7f5476-e8e65aa13932879d"
"12-accountancy-tamil-6e7f5476","Accountancy","","Tamil","tb-12-accountancy-tamil-6e7f5476-ch-10","Chapter 10","tb-12-accountancy-tamil-6e7f5476-ch-10-review-01","10","10","0","0","0","0","10","10","Transcribe separated Tamil letter marks before text publication; Transcribe fragmented Tamil words before text publication; Key page is ambiguous or contains multiple exercise keys; proposed answer is not independently confirmed.; Printed key mapping is ambiguous; verify the chapter/exercise and answer manually.","textbook-q-12-accountancy-tamil-6e7f5476-046fec826641f56e; textbook-q-12-accountancy-tamil-6e7f5476-12af142f2b700a5e; textbook-q-12-accountancy-tamil-6e7f5476-2218881cd2bd4cb5; textbook-q-12-accountancy-tamil-6e7f5476-383fdf99857f4bfc; textbook-q-12-accountancy-tamil-6e7f5476-3fe313bedbf5f1c8; textbook-q-12-accountancy-tamil-6e7f5476-4fb46821339637b3; textbook-q-12-accountancy-tamil-6e7f5476-61842ee06337faa8; textbook-q-12-accountancy-tamil-6e7f5476-8f59766477e566c7; textbook-q-12-accountancy-tamil-6e7f5476-9ae1c85b8abfda1d; textbook-q-12-accountancy-tamil-6e7f5476-d0457ca38e2cd558"
"12-accountancy-tamil-6e7f5476","Accountancy","","Tamil","tb-12-accountancy-tamil-6e7f5476-ch-2","Chapter 2","tb-12-accountancy-tamil-6e7f5476-ch-2-review-01","10","10","0","0","0","10","0","10","Transcribe separated Tamil letter marks before text publication; Transcribe fragmented Tamil words before text publication; Transcribe unreadable PDF glyphs before text publication; Damaged PDF text glyphs; inspect the original page.","textbook-q-12-accountancy-tamil-6e7f5476-049ebad7eb551d94; textbook-q-12-accountancy-tamil-6e7f5476-51def98084aa5292; textbook-q-12-accountancy-tamil-6e7f5476-5abed0b912d78e26; textbook-q-12-accountancy-tamil-6e7f5476-73001581807c58bc; textbook-q-12-accountancy-tamil-6e7f5476-8d28a75c946d2860; textbook-q-12-accountancy-tamil-6e7f5476-932038dc810cdd89; textbook-q-12-accountancy-tamil-6e7f5476-a1f3ac4f9f23c885; textbook-q-12-accountancy-tamil-6e7f5476-b6a45a5d2e0a0586; textbook-q-12-accountancy-tamil-6e7f5476-c283cf230dcad219; textbook-q-12-accountancy-tamil-6e7f5476-d7e84e72ca67e1a7"
"12-accountancy-tamil-6e7f5476","Accountancy","","Tamil","tb-12-accountancy-tamil-6e7f5476-ch-4","Chapter 4","tb-12-accountancy-tamil-6e7f5476-ch-4-review-01","8","8","0","0","0","8","0","8","Transcribe the original question and all four choices","textbook-q-12-accountancy-tamil-6e7f5476-20e3b7f79618114b; textbook-q-12-accountancy-tamil-6e7f5476-217dff002bf17fb4; textbook-q-12-accountancy-tamil-6e7f5476-22fccc4fd8d0ccf7; textbook-q-12-accountancy-tamil-6e7f5476-3e61d8e440c2a482; textbook-q-12-accountancy-tamil-6e7f5476-554fb383c750eb47; textbook-q-12-accountancy-tamil-6e7f5476-95f5845f4128ef04; textbook-q-12-accountancy-tamil-6e7f5476-e2235a87ae5780ef; textbook-q-12-accountancy-tamil-6e7f5476-f7175851fac3fb28"
"12-accountancy-tamil-6e7f5476","Accountancy","","Tamil","tb-12-accountancy-tamil-6e7f5476-ch-5","Chapter 5","tb-12-accountancy-tamil-6e7f5476-ch-5-review-01","10","10","0","0","0","0","10","10","Transcribe unreadable PDF glyphs before text publication; Transcribe separated Tamil letter marks before text publication; Transcribe fragmented Tamil words before text publication; Key page is ambiguous or contains multiple exercise keys; proposed answer is not independently confirmed.; Damaged PDF text glyphs; inspect the original page.; Printed key mapping is ambiguous; verify the chapter/exercise and answer manually.; Transcribe the original question and all four choices","textbook-q-12-accountancy-tamil-6e7f5476-073317995a8a7dd5; textbook-q-12-accountancy-tamil-6e7f5476-2988d4250e051c04; textbook-q-12-accountancy-tamil-6e7f5476-6e0d1d6ab04820e9; textbook-q-12-accountancy-tamil-6e7f5476-728f62f4efa0f21f; textbook-q-12-accountancy-tamil-6e7f5476-91fe28214644647b; textbook-q-12-accountancy-tamil-6e7f5476-d1685b8e6e17a12a; textbook-q-12-accountancy-tamil-6e7f5476-d66833a5784ae196; textbook-q-12-accountancy-tamil-6e7f5476-f21fc04673a8755a; textbook-q-12-accountancy-tamil-6e7f5476-f273dc1424500824; textbook-q-12-accountancy-tamil-6e7f5476-fc7eefaf591c6243"
"12-accountancy-tamil-6e7f5476","Accountancy","","Tamil","tb-12-accountancy-tamil-6e7f5476-ch-8","Chapter 8","tb-12-accountancy-tamil-6e7f5476-ch-8-review-01","10","10","0","0","0","10","0","10","Transcribe separated Tamil letter marks before text publication; Transcribe fragmented Tamil words before text publication","textbook-q-12-accountancy-tamil-6e7f5476-1cdebf7373451ffc; textbook-q-12-accountancy-tamil-6e7f5476-464e3fd8bda631fd; textbook-q-12-accountancy-tamil-6e7f5476-6a4d0406d18bd4bf; textbook-q-12-accountancy-tamil-6e7f5476-8ce3308db1da5f9f; textbook-q-12-accountancy-tamil-6e7f5476-92ff0d97e3bccf8a; textbook-q-12-accountancy-tamil-6e7f5476-9d6a21ca06e4508e; textbook-q-12-accountancy-tamil-6e7f5476-9f1b38ca84ef2688; textbook-q-12-accountancy-tamil-6e7f5476-c48b9432430b17d1; textbook-q-12-accountancy-tamil-6e7f5476-c6bac432084e32f3; textbook-q-12-accountancy-tamil-6e7f5476-fa4b4997a56c0e25"
"12-basic-civil-engineering-tamil-122addb5","Basic Civil Engineering","","Tamil","tb-12-basic-civil-engineering-tamil-122addb5-ch-7","Chapter 7","tb-12-basic-civil-engineering-tamil-122addb5-ch-7-review-01","6","6","0","0","0","6","0","6","Transcribe fragmented Tamil words before text publication; Transcribe separated Tamil letter marks before text publication; Transcribe unreadable PDF glyphs before text publication; Damaged PDF text glyphs; inspect the original page.","textbook-q-12-basic-civil-engineering-tamil-122addb5-ba1849e47e788f54; textbook-q-12-basic-civil-engineering-tamil-122addb5-c254ea355ffe3d70; textbook-q-12-basic-civil-engineering-tamil-122addb5-cb8822dfbd4f96e8; textbook-q-12-basic-civil-engineering-tamil-122addb5-cd5c72e7aefc66b3; textbook-q-12-basic-civil-engineering-tamil-122addb5-cfae8eb3be80d5ee; textbook-q-12-basic-civil-engineering-tamil-122addb5-d8a3cd8743acd253"
"12-basic-electronics-engineering-tamil-96fcb4f2","Basic Electronics Engineering","","Tamil","tb-12-basic-electronics-engineering-tamil-96fcb4f2-ch-10","Chapter 10","tb-12-basic-electronics-engineering-tamil-96fcb4f2-ch-10-review-01","4","4","0","0","0","4","0","4","Transcribe separated Tamil letter marks before text publication; Transcribe fragmented Tamil words before text publication","textbook-q-12-basic-electronics-engineering-tamil-96fcb4f2-2c03d9a31dd565f7; textbook-q-12-basic-electronics-engineering-tamil-96fcb4f2-9ba10f772fbf5b66; textbook-q-12-basic-electronics-engineering-tamil-96fcb4f2-de9b3c08c09ef27c; textbook-q-12-basic-electronics-engineering-tamil-96fcb4f2-f618f6ea33663abf"
"12-basic-electronics-engineering-tamil-96fcb4f2","Basic Electronics Engineering","","Tamil","tb-12-basic-electronics-engineering-tamil-96fcb4f2-ch-6","Chapter 6","tb-12-basic-electronics-engineering-tamil-96fcb4f2-ch-6-review-01","20","20","0","0","0","20","0","20","Transcribe separated Tamil letter marks before text publication; Transcribe fragmented Tamil words before text publication","textbook-q-12-basic-electronics-engineering-tamil-96fcb4f2-068440d211e5e0dc; textbook-q-12-basic-electronics-engineering-tamil-96fcb4f2-18fd0f9b868a58e2; textbook-q-12-basic-electronics-engineering-tamil-96fcb4f2-197a1238ff33311f; textbook-q-12-basic-electronics-engineering-tamil-96fcb4f2-216e2545194c61d8; textbook-q-12-basic-electronics-engineering-tamil-96fcb4f2-31f35d0a30abba9f; textbook-q-12-basic-electronics-engineering-tamil-96fcb4f2-34160dfd07cf2ddc; textbook-q-12-basic-electronics-engineering-tamil-96fcb4f2-3e699a942b5231d9; textbook-q-12-basic-electronics-engineering-tamil-96fcb4f2-46d75d2c41222a84; textbook-q-12-basic-electronics-engineering-tamil-96fcb4f2-49f7a401d96b60d6; textbook-q-12-basic-electronics-engineering-tamil-96fcb4f2-4a48398b28fd1d54; textbook-q-12-basic-electronics-engineering-tamil-96fcb4f2-4b744c281df42fe4; textbook-q-12-basic-electronics-engineering-tamil-96fcb4f2-5229142b2c88b882; textbook-q-12-basic-electronics-engineering-tamil-96fcb4f2-545f90147f2cddab; textbook-q-12-basic-electronics-engineering-tamil-96fcb4f2-5dd1a2430ebc87de; textbook-q-12-basic-electronics-engineering-tamil-96fcb4f2-66648a81cbe1c92b; textbook-q-12-basic-electronics-engineering-tamil-96fcb4f2-6b2a4a8ce8b251aa; textbook-q-12-basic-electronics-engineering-tamil-96fcb4f2-6b6538c69b68f8cf; textbook-q-12-basic-electronics-engineering-tamil-96fcb4f2-a4f4784bfbc75c49; textbook-q-12-basic-electronics-engineering-tamil-96fcb4f2-e04a569160e8f34b; textbook-q-12-basic-electronics-engineering-tamil-96fcb4f2-fed0645c28f79146"
"12-basic-electronics-engineering-tamil-96fcb4f2","Basic Electronics Engineering","","Tamil","tb-12-basic-electronics-engineering-tamil-96fcb4f2-ch-7","Chapter 7","tb-12-basic-electronics-engineering-tamil-96fcb4f2-ch-7-review-01","15","15","0","0","0","15","0","15","Transcribe separated Tamil letter marks before text publication; Transcribe fragmented Tamil words before text publication; Transcribe unreadable PDF glyphs before text publication; Damaged PDF text glyphs; inspect the original page.","textbook-q-12-basic-electronics-engineering-tamil-96fcb4f2-16cfdb536eb4e415; textbook-q-12-basic-electronics-engineering-tamil-96fcb4f2-41be74dc0de5d30d; textbook-q-12-basic-electronics-engineering-tamil-96fcb4f2-46da48950bc15b36; textbook-q-12-basic-electronics-engineering-tamil-96fcb4f2-50a10cad0818c821; textbook-q-12-basic-electronics-engineering-tamil-96fcb4f2-64b7a311797bf774; textbook-q-12-basic-electronics-engineering-tamil-96fcb4f2-6ee1d1d0162a0f79; textbook-q-12-basic-electronics-engineering-tamil-96fcb4f2-7158ffdd132c0a56; textbook-q-12-basic-electronics-engineering-tamil-96fcb4f2-8442532608a1ee82; textbook-q-12-basic-electronics-engineering-tamil-96fcb4f2-af4290c671645ee3; textbook-q-12-basic-electronics-engineering-tamil-96fcb4f2-bef2204c89f776f9; textbook-q-12-basic-electronics-engineering-tamil-96fcb4f2-cd709d576a9d3eed; textbook-q-12-basic-electronics-engineering-tamil-96fcb4f2-d053907c75f3b474; textbook-q-12-basic-electronics-engineering-tamil-96fcb4f2-d4884f35a30a5536; textbook-q-12-basic-electronics-engineering-tamil-96fcb4f2-d6c9de6e4654ae2c; textbook-q-12-basic-electronics-engineering-tamil-96fcb4f2-e96a0b4a39ae7d07"
"12-business-mathematics-statistics-tamil-a77e8ce0","Business Mathematics & Statistics","","Tamil","tb-12-business-mathematics-statistics-tamil-a77e8ce0-ch-5","XII Std - Business Maths & Stat TM Chapter 5","tb-12-business-mathematics-statistics-tamil-a77e8ce0-ch-5-review-01","12","12","0","0","0","12","0","12","Transcribe mathematical layout before text publication; Confirm mathematical/scientific notation against the original PDF.; Transcribe unreadable PDF glyphs before text publication; Options are not distinct; Transcribe separated Tamil letter marks before text publication; Duplicate option text.; Damaged PDF text glyphs; inspect the original page.; Transcribe fragmented Tamil words before text publication","textbook-q-12-business-mathematics-statistics-tamil-a77e8ce0-1cf2050d3093b62a; textbook-q-12-business-mathematics-statistics-tamil-a77e8ce0-4cf89bb8fbe68bb4; textbook-q-12-business-mathematics-statistics-tamil-a77e8ce0-73d48d4c4ff75303; textbook-q-12-business-mathematics-statistics-tamil-a77e8ce0-78992fff316bf473; textbook-q-12-business-mathematics-statistics-tamil-a77e8ce0-7f628bdc5abee2df; textbook-q-12-business-mathematics-statistics-tamil-a77e8ce0-8ba0fbb6b95ef814; textbook-q-12-business-mathematics-statistics-tamil-a77e8ce0-9d5e8019c5c81d9e; textbook-q-12-business-mathematics-statistics-tamil-a77e8ce0-b68badcd602c3616; textbook-q-12-business-mathematics-statistics-tamil-a77e8ce0-bfd8b4025260edcc; textbook-q-12-business-mathematics-statistics-tamil-a77e8ce0-d9746a953ed91d4c; textbook-q-12-business-mathematics-statistics-tamil-a77e8ce0-e32c288bd45673ac; textbook-q-12-business-mathematics-statistics-tamil-a77e8ce0-e89fcf4e4286847f"
"12-economics-tamil-c7590e3f","Economics","","Tamil","tb-12-economics-tamil-c7590e3f-ch-11","Chapter 11","tb-12-economics-tamil-c7590e3f-ch-11-review-01","20","20","0","0","0","20","0","20","Transcribe separated Tamil letter marks before text publication; Transcribe fragmented Tamil words before text publication; Transcribe unreadable PDF glyphs before text publication; Damaged PDF text glyphs; inspect the original page.; Transcribe the original question and all four choices","textbook-q-12-economics-tamil-c7590e3f-0e908032c6394dcb; textbook-q-12-economics-tamil-c7590e3f-1448c03f038f7db3; textbook-q-12-economics-tamil-c7590e3f-34ad70e054776c94; textbook-q-12-economics-tamil-c7590e3f-3668a0434b2f06a9; textbook-q-12-economics-tamil-c7590e3f-4ab4cfe2af04c393; textbook-q-12-economics-tamil-c7590e3f-4e55ca4cfa2e0bbe; textbook-q-12-economics-tamil-c7590e3f-6c8055d3a17cbdf8; textbook-q-12-economics-tamil-c7590e3f-71f110cbb7da2006; textbook-q-12-economics-tamil-c7590e3f-766efa00c9a4aa7b; textbook-q-12-economics-tamil-c7590e3f-8c4680368fa98f0d; textbook-q-12-economics-tamil-c7590e3f-8c8a28f5c7b9ef65; textbook-q-12-economics-tamil-c7590e3f-95e0b2b2c540ebec; textbook-q-12-economics-tamil-c7590e3f-9a263329cb0bbcb5; textbook-q-12-economics-tamil-c7590e3f-9a8ddb60df4a7d86; textbook-q-12-economics-tamil-c7590e3f-a5df8d9994f759ca; textbook-q-12-economics-tamil-c7590e3f-b83887f59d025a03; textbook-q-12-economics-tamil-c7590e3f-bf2651a3888a371c; textbook-q-12-economics-tamil-c7590e3f-f38f1087c5f98e5d; textbook-q-12-economics-tamil-c7590e3f-f4130f3c474f23cb; textbook-q-12-economics-tamil-c7590e3f-f84098cfd897721f"
"12-mathematics-tamil-v1-96fc1e8d","Mathematics","1","Tamil","tb-12-mathematics-tamil-v1-96fc1e8d-ch-1","Chapter 1 Matrices","tb-12-mathematics-tamil-v1-96fc1e8d-ch-1-review-01","20","20","0","0","0","20","0","20","Transcribe unreadable PDF glyphs before text publication; Transcribe mathematical layout before text publication; Confirm mathematical/scientific notation against the original PDF.; Transcribe separated Tamil letter marks before text publication; Transcribe fragmented Tamil words before text publication; Transcribe the original question and all four choices; Options are not distinct; Duplicate option text.","textbook-q-12-mathematics-tamil-v1-96fc1e8d-102ae97082427fb0; textbook-q-12-mathematics-tamil-v1-96fc1e8d-14485b1e622a4a0d; textbook-q-12-mathematics-tamil-v1-96fc1e8d-1b3dbf7fcb888cdd; textbook-q-12-mathematics-tamil-v1-96fc1e8d-333a61033d434d31; textbook-q-12-mathematics-tamil-v1-96fc1e8d-3bf01e61b354bfed; textbook-q-12-mathematics-tamil-v1-96fc1e8d-4641f4bbd20325b0; textbook-q-12-mathematics-tamil-v1-96fc1e8d-488a0e377cc10224; textbook-q-12-mathematics-tamil-v1-96fc1e8d-53f4df019e8a7cab; textbook-q-12-mathematics-tamil-v1-96fc1e8d-666570cf89e2f89a; textbook-q-12-mathematics-tamil-v1-96fc1e8d-66c142a61af92519; textbook-q-12-mathematics-tamil-v1-96fc1e8d-6f95f923c862c888; textbook-q-12-mathematics-tamil-v1-96fc1e8d-791984f175c3ff82; textbook-q-12-mathematics-tamil-v1-96fc1e8d-9c19de7bf5e3fa14; textbook-q-12-mathematics-tamil-v1-96fc1e8d-a8b6c0022c2cda74; textbook-q-12-mathematics-tamil-v1-96fc1e8d-a98c2b01e6abcd3d; textbook-q-12-mathematics-tamil-v1-96fc1e8d-b5f8c54a292bddec; textbook-q-12-mathematics-tamil-v1-96fc1e8d-b9342b02e566956c; textbook-q-12-mathematics-tamil-v1-96fc1e8d-bea554f8ae1f1a6a; textbook-q-12-mathematics-tamil-v1-96fc1e8d-cf5c6ab8eb29e463; textbook-q-12-mathematics-tamil-v1-96fc1e8d-dd6c7f31d55a47d4"
"12-mathematics-tamil-v1-96fc1e8d","Mathematics","1","Tamil","tb-12-mathematics-tamil-v1-96fc1e8d-ch-1","Chapter 1 Matrices","tb-12-mathematics-tamil-v1-96fc1e8d-ch-1-review-02","5","5","0","0","0","5","0","5","Transcribe separated Tamil letter marks before text publication; Transcribe fragmented Tamil words before text publication; Transcribe mathematical layout before text publication; Confirm mathematical/scientific notation against the original PDF.; Transcribe unreadable PDF glyphs before text publication; Transcribe the original question and all four choices","textbook-q-12-mathematics-tamil-v1-96fc1e8d-54e1278730257c9e; textbook-q-12-mathematics-tamil-v1-96fc1e8d-99fa7d9ea6fdaf94; textbook-q-12-mathematics-tamil-v1-96fc1e8d-cac75ffb7b8bee8a; textbook-q-12-mathematics-tamil-v1-96fc1e8d-e217525e0a4a510d; textbook-q-12-mathematics-tamil-v1-96fc1e8d-f63a09263b425c01"
"12-mathematics-tamil-v1-96fc1e8d","Mathematics","1","Tamil","tb-12-mathematics-tamil-v1-96fc1e8d-ch-3","Chapter 3 Theory of Equation","tb-12-mathematics-tamil-v1-96fc1e8d-ch-3-review-01","10","10","0","0","0","0","10","10","Transcribe separated Tamil letter marks before text publication; Transcribe fragmented Tamil words before text publication; Transcribe mathematical layout before text publication; Key page is ambiguous or contains multiple exercise keys; proposed answer is not independently confirmed.; Confirm mathematical/scientific notation against the original PDF.; Printed key mapping is ambiguous; verify the chapter/exercise and answer manually.; Transcribe unreadable PDF glyphs before text publication; Check the option boundaries","textbook-q-12-mathematics-tamil-v1-96fc1e8d-398b5f786b11b0bd; textbook-q-12-mathematics-tamil-v1-96fc1e8d-4f9de99df177f7a8; textbook-q-12-mathematics-tamil-v1-96fc1e8d-5908b4460f7687ef; textbook-q-12-mathematics-tamil-v1-96fc1e8d-5e06daa925cb106d; textbook-q-12-mathematics-tamil-v1-96fc1e8d-7d6c2964c386247a; textbook-q-12-mathematics-tamil-v1-96fc1e8d-c30b03d54bedb256; textbook-q-12-mathematics-tamil-v1-96fc1e8d-cfb70c265623ddd0; textbook-q-12-mathematics-tamil-v1-96fc1e8d-d1cc39b59fcc15cc; textbook-q-12-mathematics-tamil-v1-96fc1e8d-df9891316a1f78af; textbook-q-12-mathematics-tamil-v1-96fc1e8d-fc6b82ca0bf3082e"
"12-mathematics-tamil-v2-f8732624","Mathematics","2","Tamil","tb-12-mathematics-tamil-v2-f8732624-ch-11","Chapter 11 Probability","tb-12-mathematics-tamil-v2-f8732624-ch-11-review-01","20","20","0","0","0","0","20","20","Transcribe separated Tamil letter marks before text publication; Transcribe fragmented Tamil words before text publication; Key page is ambiguous or contains multiple exercise keys; proposed answer is not independently confirmed.; Confirm mathematical/scientific notation against the original PDF.; Printed key mapping is ambiguous; verify the chapter/exercise and answer manually.; Transcribe unreadable PDF glyphs before text publication; Transcribe mathematical layout before text publication; Transcribe the original question and all four choices; Check the option boundaries; Damaged PDF text glyphs; inspect the original page.","textbook-q-12-mathematics-tamil-v2-f8732624-0805b7007d99c9b4; textbook-q-12-mathematics-tamil-v2-f8732624-14f8ec4ef0146081; textbook-q-12-mathematics-tamil-v2-f8732624-1d37d2a0bdee6fdf; textbook-q-12-mathematics-tamil-v2-f8732624-1ed22c74c08dfac3; textbook-q-12-mathematics-tamil-v2-f8732624-20525f1314d0e88d; textbook-q-12-mathematics-tamil-v2-f8732624-46af09059c9b038e; textbook-q-12-mathematics-tamil-v2-f8732624-5b6e9c0334af2a40; textbook-q-12-mathematics-tamil-v2-f8732624-6a141517e04fc8de; textbook-q-12-mathematics-tamil-v2-f8732624-74f207161a6270d5; textbook-q-12-mathematics-tamil-v2-f8732624-7f13833b03ca2050; textbook-q-12-mathematics-tamil-v2-f8732624-8d018e1f2ddd8ba9; textbook-q-12-mathematics-tamil-v2-f8732624-9ae41303b64494ae; textbook-q-12-mathematics-tamil-v2-f8732624-afb70ed0263be9bf; textbook-q-12-mathematics-tamil-v2-f8732624-b50e30ee65be5763; textbook-q-12-mathematics-tamil-v2-f8732624-be3f2cc3af16ae88; textbook-q-12-mathematics-tamil-v2-f8732624-ca1770b89b82e1d7; textbook-q-12-mathematics-tamil-v2-f8732624-ccd6062398efbafb; textbook-q-12-mathematics-tamil-v2-f8732624-d17812a0a81b46eb; textbook-q-12-mathematics-tamil-v2-f8732624-d314bd43a5549335; textbook-q-12-mathematics-tamil-v2-f8732624-f57976ed38041100"
"12-mathematics-tamil-v2-f8732624","Mathematics","2","Tamil","tb-12-mathematics-tamil-v2-f8732624-ch-7","Chapter 7 Applications of Diff Calculus1","tb-12-mathematics-tamil-v2-f8732624-ch-7-review-01","20","20","0","0","0","20","0","20","Transcribe unreadable PDF glyphs before text publication; Transcribe separated Tamil letter marks before text publication; Transcribe fragmented Tamil words before text publication; Transcribe mathematical layout before text publication; Damaged PDF text glyphs; inspect the original page.; Confirm mathematical/scientific notation against the original PDF.; Check the option boundaries; Options are not distinct; Duplicate option text.","textbook-q-12-mathematics-tamil-v2-f8732624-0cc723d6adcdbbc7; textbook-q-12-mathematics-tamil-v2-f8732624-19c534c2f193e8ba; textbook-q-12-mathematics-tamil-v2-f8732624-2deac1bfd4678970; textbook-q-12-mathematics-tamil-v2-f8732624-4af335c5b759286c; textbook-q-12-mathematics-tamil-v2-f8732624-566c6e6ad033c209; textbook-q-12-mathematics-tamil-v2-f8732624-632a27c9c6a5c0bb; textbook-q-12-mathematics-tamil-v2-f8732624-6df9e31c2d004d94; textbook-q-12-mathematics-tamil-v2-f8732624-6f2a3b1de063227f; textbook-q-12-mathematics-tamil-v2-f8732624-72713e451873b238; textbook-q-12-mathematics-tamil-v2-f8732624-788dfc40dbc5333b; textbook-q-12-mathematics-tamil-v2-f8732624-7ba91fbb48b6bc86; textbook-q-12-mathematics-tamil-v2-f8732624-868abdc1ab63c6bd; textbook-q-12-mathematics-tamil-v2-f8732624-aebbedbba876cfa3; textbook-q-12-mathematics-tamil-v2-f8732624-b7d5c63d55b9585d; textbook-q-12-mathematics-tamil-v2-f8732624-cfaa700d4c82df5f; textbook-q-12-mathematics-tamil-v2-f8732624-d18d34af4adc060f; textbook-q-12-mathematics-tamil-v2-f8732624-e2bfb91312d9026d; textbook-q-12-mathematics-tamil-v2-f8732624-eb5bda01852838b0; textbook-q-12-mathematics-tamil-v2-f8732624-ec785a112dd1434a; textbook-q-12-mathematics-tamil-v2-f8732624-fb192d0358411fbd"
"12-mathematics-tamil-v2-f8732624","Mathematics","2","Tamil","tb-12-mathematics-tamil-v2-f8732624-ch-8","Chapter 8 Differentials and Partial Derivatives","tb-12-mathematics-tamil-v2-f8732624-ch-8-review-01","15","15","0","0","0","0","15","15","Transcribe unreadable PDF glyphs before text publication; Transcribe mathematical layout before text publication; Key page is ambiguous or contains multiple exercise keys; proposed answer is not independently confirmed.; Confirm mathematical/scientific notation against the original PDF.; Printed key mapping is ambiguous; verify the chapter/exercise and answer manually.; Options are not distinct; Transcribe fragmented Tamil words before text publication; Duplicate option text.; Transcribe separated Tamil letter marks before text publication; Check the option boundaries; Damaged PDF text glyphs; inspect the original page.","textbook-q-12-mathematics-tamil-v2-f8732624-134296759be56b72; textbook-q-12-mathematics-tamil-v2-f8732624-24e3ccd0dae38802; textbook-q-12-mathematics-tamil-v2-f8732624-2aec366db015921c; textbook-q-12-mathematics-tamil-v2-f8732624-3cc25d6a8003d621; textbook-q-12-mathematics-tamil-v2-f8732624-3ed61b530432d9c0; textbook-q-12-mathematics-tamil-v2-f8732624-59849ccc69fde50e; textbook-q-12-mathematics-tamil-v2-f8732624-6676261cbeaf5121; textbook-q-12-mathematics-tamil-v2-f8732624-6ab88a119370609c; textbook-q-12-mathematics-tamil-v2-f8732624-727913d9d49666da; textbook-q-12-mathematics-tamil-v2-f8732624-871b1b1fb28eaae3; textbook-q-12-mathematics-tamil-v2-f8732624-9b6c2a22a053874c; textbook-q-12-mathematics-tamil-v2-f8732624-9e175c3c4b585a16; textbook-q-12-mathematics-tamil-v2-f8732624-a3d9b649785678ea; textbook-q-12-mathematics-tamil-v2-f8732624-e3138510917fb832; textbook-q-12-mathematics-tamil-v2-f8732624-ea45836a9c9ed272"
"12-mathematics-tamil-v2-f8732624","Mathematics","2","Tamil","tb-12-mathematics-tamil-v2-f8732624-ch-9","Chapter 9 Applications of Integration","tb-12-mathematics-tamil-v2-f8732624-ch-9-review-01","19","19","0","0","0","0","19","19","Transcribe unreadable PDF glyphs before text publication; Transcribe separated Tamil letter marks before text publication; Transcribe fragmented Tamil words before text publication; Transcribe mathematical layout before text publication; Key page is ambiguous or contains multiple exercise keys; proposed answer is not independently confirmed.; Damaged PDF text glyphs; inspect the original page.; Confirm mathematical/scientific notation against the original PDF.; Printed key mapping is ambiguous; verify the chapter/exercise and answer manually.; Options are not distinct; Duplicate option text.","textbook-q-12-mathematics-tamil-v2-f8732624-13fafcbedb8bafbb; textbook-q-12-mathematics-tamil-v2-f8732624-481150e5fc6b6a7f; textbook-q-12-mathematics-tamil-v2-f8732624-57232d3aecac4afb; textbook-q-12-mathematics-tamil-v2-f8732624-6973cd4b98fce177; textbook-q-12-mathematics-tamil-v2-f8732624-6b35018a47d228f9; textbook-q-12-mathematics-tamil-v2-f8732624-706955750c17a551; textbook-q-12-mathematics-tamil-v2-f8732624-78be04c24eadcb3e; textbook-q-12-mathematics-tamil-v2-f8732624-79ee0cefc642860c; textbook-q-12-mathematics-tamil-v2-f8732624-7bdfac7ddd825a9a; textbook-q-12-mathematics-tamil-v2-f8732624-86fc526953656064; textbook-q-12-mathematics-tamil-v2-f8732624-a4c4927bea670b59; textbook-q-12-mathematics-tamil-v2-f8732624-a5660626a41c50ca; textbook-q-12-mathematics-tamil-v2-f8732624-a9390ecf1bc82fde; textbook-q-12-mathematics-tamil-v2-f8732624-b0902ae56cbe2aca; textbook-q-12-mathematics-tamil-v2-f8732624-d02cdbb6d4ddf87e; textbook-q-12-mathematics-tamil-v2-f8732624-e64b6c4ddf4a2561; textbook-q-12-mathematics-tamil-v2-f8732624-e9e3b185a7249ebf; textbook-q-12-mathematics-tamil-v2-f8732624-eac680a034f220a9; textbook-q-12-mathematics-tamil-v2-f8732624-f4458d58668f34e3"
"12-textile-technology-tamil-648797c8","Textile Technology","","Tamil","tb-12-textile-technology-tamil-648797c8-ch-10","Chapter 10","tb-12-textile-technology-tamil-648797c8-ch-10-review-01","4","4","0","0","0","0","4","4","Transcribe separated Tamil letter marks before text publication; Transcribe fragmented Tamil words before text publication; Key page is ambiguous or contains multiple exercise keys; proposed answer is not independently confirmed.; Printed key mapping is ambiguous; verify the chapter/exercise and answer manually.; Printed page label needs confirmation.","textbook-q-12-textile-technology-tamil-648797c8-5b6288782486608d; textbook-q-12-textile-technology-tamil-648797c8-5f11d7fb8b462114; textbook-q-12-textile-technology-tamil-648797c8-c70809aaeff08df4; textbook-q-12-textile-technology-tamil-648797c8-c8f30946f2fb97ca"
"12-textile-technology-tamil-648797c8","Textile Technology","","Tamil","tb-12-textile-technology-tamil-648797c8-ch-11","Chapter 11","tb-12-textile-technology-tamil-648797c8-ch-11-review-01","4","4","0","0","0","0","4","4","Transcribe unreadable PDF glyphs before text publication; Transcribe separated Tamil letter marks before text publication; Transcribe fragmented Tamil words before text publication; Key page is ambiguous or contains multiple exercise keys; proposed answer is not independently confirmed.; Damaged PDF text glyphs; inspect the original page.; Printed key mapping is ambiguous; verify the chapter/exercise and answer manually.; Printed page label needs confirmation.","textbook-q-12-textile-technology-tamil-648797c8-8214f1c5499a08e6; textbook-q-12-textile-technology-tamil-648797c8-971f43e87db5d935; textbook-q-12-textile-technology-tamil-648797c8-99cb428005464c02; textbook-q-12-textile-technology-tamil-648797c8-bee337b56663ae0c"
"12-textile-technology-tamil-648797c8","Textile Technology","","Tamil","tb-12-textile-technology-tamil-648797c8-ch-12","Chapter 12","tb-12-textile-technology-tamil-648797c8-ch-12-review-01","5","5","0","0","0","5","0","5","Transcribe unreadable PDF glyphs before text publication; Transcribe separated Tamil letter marks before text publication; Transcribe fragmented Tamil words before text publication; Damaged PDF text glyphs; inspect the original page.; Printed page label needs confirmation.","textbook-q-12-textile-technology-tamil-648797c8-11125e6b5aa7e6e3; textbook-q-12-textile-technology-tamil-648797c8-1325569230351da2; textbook-q-12-textile-technology-tamil-648797c8-80a8948df9c9c7ff; textbook-q-12-textile-technology-tamil-648797c8-9ab3480b79519c66; textbook-q-12-textile-technology-tamil-648797c8-bb6857255d72cd24"
"12-textile-technology-tamil-648797c8","Textile Technology","","Tamil","tb-12-textile-technology-tamil-648797c8-ch-13","Chapter 13","tb-12-textile-technology-tamil-648797c8-ch-13-review-01","5","5","0","0","0","0","5","5","Transcribe unreadable PDF glyphs before text publication; Transcribe separated Tamil letter marks before text publication; Transcribe fragmented Tamil words before text publication; Key page is ambiguous or contains multiple exercise keys; proposed answer is not independently confirmed.; Damaged PDF text glyphs; inspect the original page.; Printed key mapping is ambiguous; verify the chapter/exercise and answer manually.; Printed page label needs confirmation.","textbook-q-12-textile-technology-tamil-648797c8-069e0d300bb3e0f8; textbook-q-12-textile-technology-tamil-648797c8-1bb71e87ca6c0b3c; textbook-q-12-textile-technology-tamil-648797c8-41928c4133272f16; textbook-q-12-textile-technology-tamil-648797c8-8d8bb5b6535d53cb; textbook-q-12-textile-technology-tamil-648797c8-9e6d9634eaa1bad3"
"12-textile-technology-tamil-648797c8","Textile Technology","","Tamil","tb-12-textile-technology-tamil-648797c8-ch-14","Chapter 14","tb-12-textile-technology-tamil-648797c8-ch-14-review-01","5","5","0","0","0","5","0","5","Transcribe unreadable PDF glyphs before text publication; Transcribe separated Tamil letter marks before text publication; Transcribe fragmented Tamil words before text publication; Damaged PDF text glyphs; inspect the original page.; Printed page label needs confirmation.","textbook-q-12-textile-technology-tamil-648797c8-13f6b3f307142ec5; textbook-q-12-textile-technology-tamil-648797c8-2984c2dd5a5c9a95; textbook-q-12-textile-technology-tamil-648797c8-51d8ab5bad45ac42; textbook-q-12-textile-technology-tamil-648797c8-54f10dc055be4be9; textbook-q-12-textile-technology-tamil-648797c8-61d56af61321c49a"
"12-textile-technology-tamil-648797c8","Textile Technology","","Tamil","tb-12-textile-technology-tamil-648797c8-ch-15","Chapter 15","tb-12-textile-technology-tamil-648797c8-ch-15-review-01","17","17","0","0","0","11","6","17","Transcribe separated Tamil letter marks before text publication; Transcribe fragmented Tamil words before text publication; Key page is ambiguous or contains multiple exercise keys; proposed answer is not independently confirmed.; Printed key mapping is ambiguous; verify the chapter/exercise and answer manually.; Printed page label needs confirmation.; Transcribe unreadable PDF glyphs before text publication; Damaged PDF text glyphs; inspect the original page.","textbook-q-12-textile-technology-tamil-648797c8-117c06361a170098; textbook-q-12-textile-technology-tamil-648797c8-190e446b3d9756b8; textbook-q-12-textile-technology-tamil-648797c8-23e96bba2b9113c7; textbook-q-12-textile-technology-tamil-648797c8-413f8cbdc24d896c; textbook-q-12-textile-technology-tamil-648797c8-60e4599bd2f153a6; textbook-q-12-textile-technology-tamil-648797c8-65d9d14aa6a510db; textbook-q-12-textile-technology-tamil-648797c8-6b02ba98db18e498; textbook-q-12-textile-technology-tamil-648797c8-9223b138a4386364; textbook-q-12-textile-technology-tamil-648797c8-a2c733ed8eac6137; textbook-q-12-textile-technology-tamil-648797c8-a6436a7f0e2dc318; textbook-q-12-textile-technology-tamil-648797c8-a67b23ee9590165e; textbook-q-12-textile-technology-tamil-648797c8-c1f8bc17ae96fa07; textbook-q-12-textile-technology-tamil-648797c8-d4b532b017310f87; textbook-q-12-textile-technology-tamil-648797c8-e0904e1243c3f4e1; textbook-q-12-textile-technology-tamil-648797c8-ee86fa46908d2833; textbook-q-12-textile-technology-tamil-648797c8-f2bcab1619d6fbe1; textbook-q-12-textile-technology-tamil-648797c8-f78b37a9b08cb01c"
"12-textile-technology-tamil-648797c8","Textile Technology","","Tamil","tb-12-textile-technology-tamil-648797c8-ch-2","Chapter 2","tb-12-textile-technology-tamil-648797c8-ch-2-review-01","5","5","0","0","0","0","5","5","Transcribe fragmented Tamil words before text publication; Key page is ambiguous or contains multiple exercise keys; proposed answer is not independently confirmed.; Printed key mapping is ambiguous; verify the chapter/exercise and answer manually.; Transcribe separated Tamil letter marks before text publication","textbook-q-12-textile-technology-tamil-648797c8-179689c66d546dde; textbook-q-12-textile-technology-tamil-648797c8-1b9a863f01830c74; textbook-q-12-textile-technology-tamil-648797c8-5c87461222d22b84; textbook-q-12-textile-technology-tamil-648797c8-a988c5304563d692; textbook-q-12-textile-technology-tamil-648797c8-f538b60a67566184"
"12-textile-technology-tamil-648797c8","Textile Technology","","Tamil","tb-12-textile-technology-tamil-648797c8-ch-3","Chapter 3","tb-12-textile-technology-tamil-648797c8-ch-3-review-01","5","5","0","0","0","5","0","5","Transcribe separated Tamil letter marks before text publication; Transcribe fragmented Tamil words before text publication","textbook-q-12-textile-technology-tamil-648797c8-13bbeb2d0aa876de; textbook-q-12-textile-technology-tamil-648797c8-5592974e26e03c3a; textbook-q-12-textile-technology-tamil-648797c8-6003aa179e2a1cda; textbook-q-12-textile-technology-tamil-648797c8-a009522694116717; textbook-q-12-textile-technology-tamil-648797c8-e46db26d59d0a790"
"12-textile-technology-tamil-648797c8","Textile Technology","","Tamil","tb-12-textile-technology-tamil-648797c8-ch-4","Chapter 4","tb-12-textile-technology-tamil-648797c8-ch-4-review-01","5","5","0","0","0","5","0","5","Transcribe separated Tamil letter marks before text publication; Transcribe fragmented Tamil words before text publication; Printed page label needs confirmation.; Transcribe unreadable PDF glyphs before text publication","textbook-q-12-textile-technology-tamil-648797c8-1fd8a74af6209637; textbook-q-12-textile-technology-tamil-648797c8-383362337d25e81f; textbook-q-12-textile-technology-tamil-648797c8-88fad3562fc6e5ee; textbook-q-12-textile-technology-tamil-648797c8-dc9000ed7dba83e1; textbook-q-12-textile-technology-tamil-648797c8-edf9eda4bf35d8a9"
"12-textile-technology-tamil-648797c8","Textile Technology","","Tamil","tb-12-textile-technology-tamil-648797c8-ch-5","Chapter 5","tb-12-textile-technology-tamil-648797c8-ch-5-review-01","6","6","0","0","0","0","6","6","Transcribe separated Tamil letter marks before text publication; Transcribe fragmented Tamil words before text publication; Key page is ambiguous or contains multiple exercise keys; proposed answer is not independently confirmed.; Printed key mapping is ambiguous; verify the chapter/exercise and answer manually.; Printed page label needs confirmation.","textbook-q-12-textile-technology-tamil-648797c8-36bb70c9361b313a; textbook-q-12-textile-technology-tamil-648797c8-401a46e89ac251d8; textbook-q-12-textile-technology-tamil-648797c8-70e418cbb0c55330; textbook-q-12-textile-technology-tamil-648797c8-726ba50e3ec33dd2; textbook-q-12-textile-technology-tamil-648797c8-768701d1f1b7d3f0; textbook-q-12-textile-technology-tamil-648797c8-a230eacec2d01214"
"12-textile-technology-tamil-648797c8","Textile Technology","","Tamil","tb-12-textile-technology-tamil-648797c8-ch-7","Chapter 7","tb-12-textile-technology-tamil-648797c8-ch-7-review-01","5","5","0","0","0","0","5","5","Transcribe unreadable PDF glyphs before text publication; Transcribe separated Tamil letter marks before text publication; Transcribe fragmented Tamil words before text publication; Key page is ambiguous or contains multiple exercise keys; proposed answer is not independently confirmed.; Printed key mapping is ambiguous; verify the chapter/exercise and answer manually.; Printed page label needs confirmation.; Damaged PDF text glyphs; inspect the original page.","textbook-q-12-textile-technology-tamil-648797c8-26f285a5bcc490f4; textbook-q-12-textile-technology-tamil-648797c8-2eb6068b350e69ac; textbook-q-12-textile-technology-tamil-648797c8-448d336e0fe529b0; textbook-q-12-textile-technology-tamil-648797c8-5b71c0a626ac7890; textbook-q-12-textile-technology-tamil-648797c8-dce1a0bebc78007d"
"12-textile-technology-tamil-648797c8","Textile Technology","","Tamil","tb-12-textile-technology-tamil-648797c8-ch-9","Chapter 9","tb-12-textile-technology-tamil-648797c8-ch-9-review-01","5","5","0","0","0","0","5","5","Transcribe fragmented Tamil words before text publication; Key page is ambiguous or contains multiple exercise keys; proposed answer is not independently confirmed.; Printed key mapping is ambiguous; verify the chapter/exercise and answer manually.; Printed page label needs confirmation.; Transcribe separated Tamil letter marks before text publication","textbook-q-12-textile-technology-tamil-648797c8-19696f41a7155f0b; textbook-q-12-textile-technology-tamil-648797c8-403bf04c361c290a; textbook-q-12-textile-technology-tamil-648797c8-7a4f95b9f9a09481; textbook-q-12-textile-technology-tamil-648797c8-929c48ff6ecc9b51; textbook-q-12-textile-technology-tamil-648797c8-f1508c5aae50a91f"
"12-textiles-and-dress-designing-tamil-3650ec00","Textiles and Dress Designing","","Tamil","tb-12-textiles-and-dress-designing-tamil-3650ec00-ch-10","Chapter 10","tb-12-textiles-and-dress-designing-tamil-3650ec00-ch-10-review-01","4","4","0","0","0","0","4","4","Transcribe separated Tamil letter marks before text publication; Transcribe fragmented Tamil words before text publication; Key page is ambiguous or contains multiple exercise keys; proposed answer is not independently confirmed.; Printed key mapping is ambiguous; verify the chapter/exercise and answer manually.; Printed page label needs confirmation.","textbook-q-12-textiles-and-dress-designing-tamil-3650ec00-3e0cd38182b3f028; textbook-q-12-textiles-and-dress-designing-tamil-3650ec00-87f7abae24de4546; textbook-q-12-textiles-and-dress-designing-tamil-3650ec00-c08105b17e7817d9; textbook-q-12-textiles-and-dress-designing-tamil-3650ec00-e5ca3a6b8e2717a0"
"12-textiles-and-dress-designing-tamil-3650ec00","Textiles and Dress Designing","","Tamil","tb-12-textiles-and-dress-designing-tamil-3650ec00-ch-11","Chapter 11","tb-12-textiles-and-dress-designing-tamil-3650ec00-ch-11-review-01","4","4","0","0","0","0","4","4","Transcribe unreadable PDF glyphs before text publication; Transcribe separated Tamil letter marks before text publication; Transcribe fragmented Tamil words before text publication; Key page is ambiguous or contains multiple exercise keys; proposed answer is not independently confirmed.; Damaged PDF text glyphs; inspect the original page.; Printed key mapping is ambiguous; verify the chapter/exercise and answer manually.; Printed page label needs confirmation.","textbook-q-12-textiles-and-dress-designing-tamil-3650ec00-34e55499e70495da; textbook-q-12-textiles-and-dress-designing-tamil-3650ec00-704bbbe1e75293a9; textbook-q-12-textiles-and-dress-designing-tamil-3650ec00-9ca45f587cdbb118; textbook-q-12-textiles-and-dress-designing-tamil-3650ec00-c4536d8516fcd255"
"12-textiles-and-dress-designing-tamil-3650ec00","Textiles and Dress Designing","","Tamil","tb-12-textiles-and-dress-designing-tamil-3650ec00-ch-12","Chapter 12","tb-12-textiles-and-dress-designing-tamil-3650ec00-ch-12-review-01","5","5","0","0","0","5","0","5","Transcribe unreadable PDF glyphs before text publication; Transcribe separated Tamil letter marks before text publication; Transcribe fragmented Tamil words before text publication; Damaged PDF text glyphs; inspect the original page.; Printed page label needs confirmation.","textbook-q-12-textiles-and-dress-designing-tamil-3650ec00-01d37250f23b7b0f; textbook-q-12-textiles-and-dress-designing-tamil-3650ec00-43e2c1084e5b93d6; textbook-q-12-textiles-and-dress-designing-tamil-3650ec00-7d608024f529ca3e; textbook-q-12-textiles-and-dress-designing-tamil-3650ec00-a65bd5651f9d36be; textbook-q-12-textiles-and-dress-designing-tamil-3650ec00-b6ae63c6cd124864"
"12-textiles-and-dress-designing-tamil-3650ec00","Textiles and Dress Designing","","Tamil","tb-12-textiles-and-dress-designing-tamil-3650ec00-ch-13","Chapter 13","tb-12-textiles-and-dress-designing-tamil-3650ec00-ch-13-review-01","5","5","0","0","0","0","5","5","Transcribe unreadable PDF glyphs before text publication; Transcribe separated Tamil letter marks before text publication; Transcribe fragmented Tamil words before text publication; Key page is ambiguous or contains multiple exercise keys; proposed answer is not independently confirmed.; Damaged PDF text glyphs; inspect the original page.; Printed key mapping is ambiguous; verify the chapter/exercise and answer manually.; Printed page label needs confirmation.","textbook-q-12-textiles-and-dress-designing-tamil-3650ec00-4477c0abad3807f2; textbook-q-12-textiles-and-dress-designing-tamil-3650ec00-7c12f1adbd6d0a8c; textbook-q-12-textiles-and-dress-designing-tamil-3650ec00-842c4cfde0fdaa51; textbook-q-12-textiles-and-dress-designing-tamil-3650ec00-ae891e08d9a3be77; textbook-q-12-textiles-and-dress-designing-tamil-3650ec00-ed7931fa7f0b4688"
"12-textiles-and-dress-designing-tamil-3650ec00","Textiles and Dress Designing","","Tamil","tb-12-textiles-and-dress-designing-tamil-3650ec00-ch-14","Chapter 14","tb-12-textiles-and-dress-designing-tamil-3650ec00-ch-14-review-01","5","5","0","0","0","5","0","5","Transcribe unreadable PDF glyphs before text publication; Transcribe separated Tamil letter marks before text publication; Transcribe fragmented Tamil words before text publication; Damaged PDF text glyphs; inspect the original page.; Printed page label needs confirmation.","textbook-q-12-textiles-and-dress-designing-tamil-3650ec00-11d01d46c7e04f41; textbook-q-12-textiles-and-dress-designing-tamil-3650ec00-17d4723cfad5e56b; textbook-q-12-textiles-and-dress-designing-tamil-3650ec00-3b6bb684e2400e8f; textbook-q-12-textiles-and-dress-designing-tamil-3650ec00-821b42b786d1aecc; textbook-q-12-textiles-and-dress-designing-tamil-3650ec00-970938783f0cc9af"
"12-textiles-and-dress-designing-tamil-3650ec00","Textiles and Dress Designing","","Tamil","tb-12-textiles-and-dress-designing-tamil-3650ec00-ch-15","Chapter 15","tb-12-textiles-and-dress-designing-tamil-3650ec00-ch-15-review-01","17","17","0","0","0","11","6","17","Transcribe separated Tamil letter marks before text publication; Transcribe fragmented Tamil words before text publication; Key page is ambiguous or contains multiple exercise keys; proposed answer is not independently confirmed.; Printed key mapping is ambiguous; verify the chapter/exercise and answer manually.; Printed page label needs confirmation.; Transcribe unreadable PDF glyphs before text publication; Damaged PDF text glyphs; inspect the original page.","textbook-q-12-textiles-and-dress-designing-tamil-3650ec00-1db1d566fc9e3cfd; textbook-q-12-textiles-and-dress-designing-tamil-3650ec00-5cfaf4815645d24f; textbook-q-12-textiles-and-dress-designing-tamil-3650ec00-79912aeaee7434b8; textbook-q-12-textiles-and-dress-designing-tamil-3650ec00-8cb3a41f8e357747; textbook-q-12-textiles-and-dress-designing-tamil-3650ec00-8e00029562d22933; textbook-q-12-textiles-and-dress-designing-tamil-3650ec00-a2bcff293e6ac1ea; textbook-q-12-textiles-and-dress-designing-tamil-3650ec00-a3541650f791792a; textbook-q-12-textiles-and-dress-designing-tamil-3650ec00-bed37d6484b46214; textbook-q-12-textiles-and-dress-designing-tamil-3650ec00-bf0d8fc6c520dd84; textbook-q-12-textiles-and-dress-designing-tamil-3650ec00-c72427b1b05d3163; textbook-q-12-textiles-and-dress-designing-tamil-3650ec00-c7791245206aa542; textbook-q-12-textiles-and-dress-designing-tamil-3650ec00-c9c50709b494d145; textbook-q-12-textiles-and-dress-designing-tamil-3650ec00-d7fc3f2aeab7adb7; textbook-q-12-textiles-and-dress-designing-tamil-3650ec00-ddcf5d2edd3aad07; textbook-q-12-textiles-and-dress-designing-tamil-3650ec00-eaab0463fc185b0b; textbook-q-12-textiles-and-dress-designing-tamil-3650ec00-ee9f4afea6428ad5; textbook-q-12-textiles-and-dress-designing-tamil-3650ec00-fce0be2cb12e5325"
"12-textiles-and-dress-designing-tamil-3650ec00","Textiles and Dress Designing","","Tamil","tb-12-textiles-and-dress-designing-tamil-3650ec00-ch-2","Chapter 2","tb-12-textiles-and-dress-designing-tamil-3650ec00-ch-2-review-01","5","5","0","0","0","0","5","5","Transcribe separated Tamil letter marks before text publication; Transcribe fragmented Tamil words before text publication; Key page is ambiguous or contains multiple exercise keys; proposed answer is not independently confirmed.; Printed key mapping is ambiguous; verify the chapter/exercise and answer manually.","textbook-q-12-textiles-and-dress-designing-tamil-3650ec00-0d70f8c2ef39ba6d; textbook-q-12-textiles-and-dress-designing-tamil-3650ec00-2a55e3f16f32d598; textbook-q-12-textiles-and-dress-designing-tamil-3650ec00-4156c27b622a95c3; textbook-q-12-textiles-and-dress-designing-tamil-3650ec00-6662461a778ab764; textbook-q-12-textiles-and-dress-designing-tamil-3650ec00-ad19788a33bb6f6a"
"12-textiles-and-dress-designing-tamil-3650ec00","Textiles and Dress Designing","","Tamil","tb-12-textiles-and-dress-designing-tamil-3650ec00-ch-3","Chapter 3","tb-12-textiles-and-dress-designing-tamil-3650ec00-ch-3-review-01","5","5","0","0","0","5","0","5","Transcribe separated Tamil letter marks before text publication; Transcribe fragmented Tamil words before text publication","textbook-q-12-textiles-and-dress-designing-tamil-3650ec00-010a5133383c5ce2; textbook-q-12-textiles-and-dress-designing-tamil-3650ec00-61d0678dee8941ed; textbook-q-12-textiles-and-dress-designing-tamil-3650ec00-6e692c3bda165a6d; textbook-q-12-textiles-and-dress-designing-tamil-3650ec00-9a3ff38fec444ebf; textbook-q-12-textiles-and-dress-designing-tamil-3650ec00-cf4cda37d710154c"
"12-textiles-and-dress-designing-tamil-3650ec00","Textiles and Dress Designing","","Tamil","tb-12-textiles-and-dress-designing-tamil-3650ec00-ch-4","Chapter 4","tb-12-textiles-and-dress-designing-tamil-3650ec00-ch-4-review-01","5","5","0","0","0","5","0","5","Transcribe separated Tamil letter marks before text publication; Transcribe fragmented Tamil words before text publication; Printed page label needs confirmation.; Transcribe unreadable PDF glyphs before text publication","textbook-q-12-textiles-and-dress-designing-tamil-3650ec00-54c6bbfdcc8483a7; textbook-q-12-textiles-and-dress-designing-tamil-3650ec00-7a8fbabf8e5b15a8; textbook-q-12-textiles-and-dress-designing-tamil-3650ec00-a4ff08cd72f873c1; textbook-q-12-textiles-and-dress-designing-tamil-3650ec00-d3adefb56b71997e; textbook-q-12-textiles-and-dress-designing-tamil-3650ec00-e41be8f43f1e728c"
"12-textiles-and-dress-designing-tamil-3650ec00","Textiles and Dress Designing","","Tamil","tb-12-textiles-and-dress-designing-tamil-3650ec00-ch-5","Chapter 5","tb-12-textiles-and-dress-designing-tamil-3650ec00-ch-5-review-01","6","6","0","0","0","0","6","6","Transcribe separated Tamil letter marks before text publication; Transcribe fragmented Tamil words before text publication; Key page is ambiguous or contains multiple exercise keys; proposed answer is not independently confirmed.; Printed key mapping is ambiguous; verify the chapter/exercise and answer manually.; Printed page label needs confirmation.","textbook-q-12-textiles-and-dress-designing-tamil-3650ec00-05a9248a450ba8da; textbook-q-12-textiles-and-dress-designing-tamil-3650ec00-1d17949141313960; textbook-q-12-textiles-and-dress-designing-tamil-3650ec00-50d352b6a908fe3f; textbook-q-12-textiles-and-dress-designing-tamil-3650ec00-5894bf18a7df2730; textbook-q-12-textiles-and-dress-designing-tamil-3650ec00-c7f769a1440bd82c; textbook-q-12-textiles-and-dress-designing-tamil-3650ec00-ffc8b5dc9c288a0c"
"12-textiles-and-dress-designing-tamil-3650ec00","Textiles and Dress Designing","","Tamil","tb-12-textiles-and-dress-designing-tamil-3650ec00-ch-7","Chapter 7","tb-12-textiles-and-dress-designing-tamil-3650ec00-ch-7-review-01","5","5","0","0","0","0","5","5","Transcribe separated Tamil letter marks before text publication; Transcribe fragmented Tamil words before text publication; Key page is ambiguous or contains multiple exercise keys; proposed answer is not independently confirmed.; Printed key mapping is ambiguous; verify the chapter/exercise and answer manually.; Printed page label needs confirmation.; Transcribe unreadable PDF glyphs before text publication; Damaged PDF text glyphs; inspect the original page.","textbook-q-12-textiles-and-dress-designing-tamil-3650ec00-0ed14b2cac6c1f20; textbook-q-12-textiles-and-dress-designing-tamil-3650ec00-344a3299ccdfa8c8; textbook-q-12-textiles-and-dress-designing-tamil-3650ec00-6076c6fd3ccc89b4; textbook-q-12-textiles-and-dress-designing-tamil-3650ec00-7b53e2153e829d71; textbook-q-12-textiles-and-dress-designing-tamil-3650ec00-a845e87ecb0e076d"
"12-textiles-and-dress-designing-tamil-3650ec00","Textiles and Dress Designing","","Tamil","tb-12-textiles-and-dress-designing-tamil-3650ec00-ch-9","Chapter 9","tb-12-textiles-and-dress-designing-tamil-3650ec00-ch-9-review-01","5","5","0","0","0","0","5","5","Transcribe separated Tamil letter marks before text publication; Transcribe fragmented Tamil words before text publication; Key page is ambiguous or contains multiple exercise keys; proposed answer is not independently confirmed.; Printed key mapping is ambiguous; verify the chapter/exercise and answer manually.; Printed page label needs confirmation.","textbook-q-12-textiles-and-dress-designing-tamil-3650ec00-21b557ef4b72fa89; textbook-q-12-textiles-and-dress-designing-tamil-3650ec00-3dbc7187f34ffa7e; textbook-q-12-textiles-and-dress-designing-tamil-3650ec00-5d452963764eb2c1; textbook-q-12-textiles-and-dress-designing-tamil-3650ec00-69551add2a8d5372; textbook-q-12-textiles-and-dress-designing-tamil-3650ec00-c848c337283ce9c1"
