"bookId","textbook","volume","chapter","chapterId","bookmark","startPage","endPage","oneMarkStartPages","oneMarkPages","keyEvidencePages","candidates","bookBackCandidates","published","issues"
"12-computer-applications-tamil-e51fbdf6","Computer Applications","","1","tb-12-computer-applications-tamil-e51fbdf6-ch-1","XII CompApp_Tamil version CHAPTER 01","11","28","27","27;28","","10","0","0","No source-approved book-back questions are published for this chapter; existing candidates require section mapping and individual teacher review.; No numbered option-key line detected; do not infer an official answer."
"12-computer-applications-tamil-e51fbdf6","Computer Applications","","2","tb-12-computer-applications-tamil-e51fbdf6-ch-2","XII CompApp_Tamil version CHAPTER 02","29","72","70","70;71","","12","0","0","No source-approved book-back questions are published for this chapter; existing candidates require section mapping and individual teacher review.; No numbered option-key line detected; do not infer an official answer."
"12-computer-applications-tamil-e51fbdf6","Computer Applications","","3","tb-12-computer-applications-tamil-e51fbdf6-ch-3","XII CompApp_Tamil version CHAPTER 03","73","104","103","103;104","","9","0","0","No source-approved book-back questions are published for this chapter; existing candidates require section mapping and individual teacher review.; No numbered option-key line detected; do not infer an official answer."
"12-computer-applications-tamil-e51fbdf6","Computer Applications","","4","tb-12-computer-applications-tamil-e51fbdf6-ch-4","XII CompApp_Tamil version CHAPTER 04","105","118","117","117;118","","9","0","0","No source-approved book-back questions are published for this chapter; existing candidates require section mapping and individual teacher review.; No numbered option-key line detected; do not infer an official answer."
"12-computer-applications-tamil-e51fbdf6","Computer Applications","","5","tb-12-computer-applications-tamil-e51fbdf6-ch-5","XII CompApp_Tamil version CHAPTER 05","119","126","125","125;126","","9","0","0","No source-approved book-back questions are published for this chapter; existing candidates require section mapping and individual teacher review.; No numbered option-key line detected; do not infer an official answer."
"12-computer-applications-tamil-e51fbdf6","Computer Applications","","6","tb-12-computer-applications-tamil-e51fbdf6-ch-6","XII CompApp_Tamil version CHAPTER 06","127","132","130","130;131;132","","8","0","0","No source-approved book-back questions are published for this chapter; existing candidates require section mapping and individual teacher review.; No numbered option-key line detected; do not infer an official answer."
"12-computer-applications-tamil-e51fbdf6","Computer Applications","","7","tb-12-computer-applications-tamil-e51fbdf6-ch-7","XII CompApp_Tamil version CHAPTER 07","133","139","137","137;138;139","","9","0","0","No source-approved book-back questions are published for this chapter; existing candidates require section mapping and individual teacher review.; No numbered option-key line detected; do not infer an official answer."
"12-computer-applications-tamil-e51fbdf6","Computer Applications","","8","tb-12-computer-applications-tamil-e51fbdf6-ch-8","XII CompApp_Tamil version CHAPTER 08","140","150","148","148;149","","10","0","0","No source-approved book-back questions are published for this chapter; existing candidates require section mapping and individual teacher review.; No numbered option-key line detected; do not infer an official answer."
"12-computer-applications-tamil-e51fbdf6","Computer Applications","","9","tb-12-computer-applications-tamil-e51fbdf6-ch-9","XII CompApp_Tamil version CHAPTER 09","151","157","155","155;156;157","","10","0","0","No source-approved book-back questions are published for this chapter; existing candidates require section mapping and individual teacher review.; No numbered option-key line detected; do not infer an official answer."
"12-computer-applications-tamil-e51fbdf6","Computer Applications","","10","tb-12-computer-applications-tamil-e51fbdf6-ch-10","XII CompApp_Tamil version CHAPTER 10","158","176","174","174;175","","16","0","0","No source-approved book-back questions are published for this chapter; existing candidates require section mapping and individual teacher review.; No numbered option-key line detected; do not infer an official answer."
"12-computer-applications-tamil-e51fbdf6","Computer Applications","","11","tb-12-computer-applications-tamil-e51fbdf6-ch-11","XII CompApp_Tamil version CHAPTER 11","177","193","192","192;193","","9","0","0","No source-approved book-back questions are published for this chapter; existing candidates require section mapping and individual teacher review.; No numbered option-key line detected; do not infer an official answer."
"12-computer-applications-tamil-e51fbdf6","Computer Applications","","12","tb-12-computer-applications-tamil-e51fbdf6-ch-12","XII CompApp_Tamil version CHAPTER 12","194","210","207","207;208;209","","16","0","0","No source-approved book-back questions are published for this chapter; existing candidates require section mapping and individual teacher review.; No numbered option-key line detected; do not infer an official answer."
"12-computer-applications-tamil-e51fbdf6","Computer Applications","","13","tb-12-computer-applications-tamil-e51fbdf6-ch-13","XII CompApp_Tamil version CHAPTER 13","211","225","224","224;225","","12","0","0","No source-approved book-back questions are published for this chapter; existing candidates require section mapping and individual teacher review.; No numbered option-key line detected; do not infer an official answer."
"12-computer-applications-tamil-e51fbdf6","Computer Applications","","14","tb-12-computer-applications-tamil-e51fbdf6-ch-14","XII CompApp_Tamil version CHAPTER 14","226","234","233","233;234","","9","0","0","No source-approved book-back questions are published for this chapter; existing candidates require section mapping and individual teacher review.; No numbered option-key line detected; do not infer an official answer."
"12-computer-applications-tamil-e51fbdf6","Computer Applications","","15","tb-12-computer-applications-tamil-e51fbdf6-ch-15","XII CompApp_Tamil version CHAPTER 15","235","262","260","260;261;262","","5","0","0","No source-approved book-back questions are published for this chapter; existing candidates require section mapping and individual teacher review.; No numbered option-key line detected; do not infer an official answer."
"12-computer-applications-tamil-e51fbdf6","Computer Applications","","16","tb-12-computer-applications-tamil-e51fbdf6-ch-16","XII CompApp_Tamil version CHAPTER 16","263","284","282","282;283;284","","11","0","0","No source-approved book-back questions are published for this chapter; existing candidates require section mapping and individual teacher review.; No numbered option-key line detected; do not infer an official answer."
"12-computer-applications-tamil-e51fbdf6","Computer Applications","","17","tb-12-computer-applications-tamil-e51fbdf6-ch-17","XII CompApp_Tamil version CHAPTER 17","285","299","298","298;299","","10","0","0","No source-approved book-back questions are published for this chapter; existing candidates require section mapping and individual teacher review.; No numbered option-key line detected; do not infer an official answer."
"12-computer-applications-tamil-e51fbdf6","Computer Applications","","18","tb-12-computer-applications-tamil-e51fbdf6-ch-18","XII CompApp_Tamil version CHAPTER 18","300","311","310","310;311","","8","0","0","No source-approved book-back questions are published for this chapter; existing candidates require section mapping and individual teacher review.; No numbered option-key line detected; do not infer an official answer."
"12-computer-applications-tamil-f43670d1","Computer Applications","","1","tb-12-computer-applications-tamil-f43670d1-ch-1","XII CompApp_Tamil version CHAPTER 01","11","28","27","27;28","","10","0","0","No source-approved book-back questions are published for this chapter; existing candidates require section mapping and individual teacher review.; No numbered option-key line detected; do not infer an official answer."
"12-computer-applications-tamil-f43670d1","Computer Applications","","2","tb-12-computer-applications-tamil-f43670d1-ch-2","XII CompApp_Tamil version CHAPTER 02","29","72","70","70;71","","12","0","0","No source-approved book-back questions are published for this chapter; existing candidates require section mapping and individual teacher review.; No numbered option-key line detected; do not infer an official answer."
"12-computer-applications-tamil-f43670d1","Computer Applications","","3","tb-12-computer-applications-tamil-f43670d1-ch-3","XII CompApp_Tamil version CHAPTER 03","73","104","103","103;104","","10","0","0","No source-approved book-back questions are published for this chapter; existing candidates require section mapping and individual teacher review.; No numbered option-key line detected; do not infer an official answer."
"12-computer-applications-tamil-f43670d1","Computer Applications","","4","tb-12-computer-applications-tamil-f43670d1-ch-4","XII CompApp_Tamil version CHAPTER 04","105","118","117","117;118","","10","0","0","No source-approved book-back questions are published for this chapter; existing candidates require section mapping and individual teacher review.; No numbered option-key line detected; do not infer an official answer."
"12-computer-applications-tamil-f43670d1","Computer Applications","","5","tb-12-computer-applications-tamil-f43670d1-ch-5","XII CompApp_Tamil version CHAPTER 05","119","126","125","125;126","","9","0","0","No source-approved book-back questions are published for this chapter; existing candidates require section mapping and individual teacher review.; No numbered option-key line detected; do not infer an official answer."
"12-computer-applications-tamil-f43670d1","Computer Applications","","6","tb-12-computer-applications-tamil-f43670d1-ch-6","XII CompApp_Tamil version CHAPTER 06","127","132","130","130;131;132","","8","0","0","No source-approved book-back questions are published for this chapter; existing candidates require section mapping and individual teacher review.; No numbered option-key line detected; do not infer an official answer."
"12-computer-applications-tamil-f43670d1","Computer Applications","","7","tb-12-computer-applications-tamil-f43670d1-ch-7","XII CompApp_Tamil version CHAPTER 07","133","139","137","137;138;139","","10","0","0","No source-approved book-back questions are published for this chapter; existing candidates require section mapping and individual teacher review.; No numbered option-key line detected; do not infer an official answer."
"12-computer-applications-tamil-f43670d1","Computer Applications","","8","tb-12-computer-applications-tamil-f43670d1-ch-8","XII CompApp_Tamil version CHAPTER 08","140","147","145","145;146;147","","10","0","0","No source-approved book-back questions are published for this chapter; existing candidates require section mapping and individual teacher review.; No numbered option-key line detected; do not infer an official answer."
"12-computer-applications-tamil-f43670d1","Computer Applications","","9","tb-12-computer-applications-tamil-f43670d1-ch-9","XII CompApp_Tamil version CHAPTER 09","148","154","152","152;153","","8","0","0","No source-approved book-back questions are published for this chapter; existing candidates require section mapping and individual teacher review.; No numbered option-key line detected; do not infer an official answer."
"12-computer-applications-tamil-f43670d1","Computer Applications","","10","tb-12-computer-applications-tamil-f43670d1-ch-10","XII CompApp_Tamil version CHAPTER 10","155","169","167","167;168;169","","14","0","0","No source-approved book-back questions are published for this chapter; existing candidates require section mapping and individual teacher review.; No numbered option-key line detected; do not infer an official answer."
"12-computer-applications-tamil-f43670d1","Computer Applications","","11","tb-12-computer-applications-tamil-f43670d1-ch-11","XII CompApp_Tamil version CHAPTER 11","170","186","185","185;186","","9","0","0","No source-approved book-back questions are published for this chapter; existing candidates require section mapping and individual teacher review.; No numbered option-key line detected; do not infer an official answer."
"12-computer-applications-tamil-f43670d1","Computer Applications","","12","tb-12-computer-applications-tamil-f43670d1-ch-12","XII CompApp_Tamil version CHAPTER 12","187","203","200","200;201;202","","16","0","0","No source-approved book-back questions are published for this chapter; existing candidates require section mapping and individual teacher review.; No numbered option-key line detected; do not infer an official answer."
"12-computer-applications-tamil-f43670d1","Computer Applications","","13","tb-12-computer-applications-tamil-f43670d1-ch-13","XII CompApp_Tamil version CHAPTER 13","204","218","217","217;218","","12","0","0","No source-approved book-back questions are published for this chapter; existing candidates require section mapping and individual teacher review.; No numbered option-key line detected; do not infer an official answer."
"12-computer-applications-tamil-f43670d1","Computer Applications","","14","tb-12-computer-applications-tamil-f43670d1-ch-14","XII CompApp_Tamil version CHAPTER 14","219","227","226","226;227","","9","0","0","No source-approved book-back questions are published for this chapter; existing candidates require section mapping and individual teacher review.; No numbered option-key line detected; do not infer an official answer."
"12-computer-applications-tamil-f43670d1","Computer Applications","","15","tb-12-computer-applications-tamil-f43670d1-ch-15","XII CompApp_Tamil version CHAPTER 15","228","250","249","249;250","","7","0","0","No source-approved book-back questions are published for this chapter; existing candidates require section mapping and individual teacher review.; No numbered option-key line detected; do not infer an official answer."
"12-computer-applications-tamil-f43670d1","Computer Applications","","16","tb-12-computer-applications-tamil-f43670d1-ch-16","XII CompApp_Tamil version CHAPTER 16","251","270","268","268;269;270","","11","0","0","No source-approved book-back questions are published for this chapter; existing candidates require section mapping and individual teacher review.; No numbered option-key line detected; do not infer an official answer."
"12-computer-applications-tamil-f43670d1","Computer Applications","","17","tb-12-computer-applications-tamil-f43670d1-ch-17","XII CompApp_Tamil version CHAPTER 17","271","285","284","284;285","","10","0","0","No source-approved book-back questions are published for this chapter; existing candidates require section mapping and individual teacher review.; No numbered option-key line detected; do not infer an official answer."
"12-computer-applications-tamil-f43670d1","Computer Applications","","18","tb-12-computer-applications-tamil-f43670d1-ch-18","XII CompApp_Tamil version CHAPTER 18","286","297","296","296;297","","8","0","0","No source-approved book-back questions are published for this chapter; existing candidates require section mapping and individual teacher review.; No numbered option-key line detected; do not infer an official answer."
"12-computer-technology-tamil-c66e9089","Computer Technology","","1","tb-12-computer-technology-tamil-c66e9089-ch-1","XII CompTech_Tamil version CHAPTER 01","7","50","48","48;49","","12","0","0","No source-approved book-back questions are published for this chapter; existing candidates require section mapping and individual teacher review.; No numbered option-key line detected; do not infer an official answer."
"12-computer-technology-tamil-c66e9089","Computer Technology","","2","tb-12-computer-technology-tamil-c66e9089-ch-2","XII CompTech_Tamil version CHAPTER 02","51","98","96","96;97;98","","14","0","0","No source-approved book-back questions are published for this chapter; existing candidates require section mapping and individual teacher review.; No numbered option-key line detected; do not infer an official answer."
"12-computer-technology-tamil-c66e9089","Computer Technology","","3","tb-12-computer-technology-tamil-c66e9089-ch-3","XII CompTech_Tamil version CHAPTER 03","99","144","142","142;143","","14","0","0","No source-approved book-back questions are published for this chapter; existing candidates require section mapping and individual teacher review.; No numbered option-key line detected; do not infer an official answer."
"12-computer-technology-tamil-c66e9089","Computer Technology","","4","tb-12-computer-technology-tamil-c66e9089-ch-4","XII CompTech_Tamil version CHAPTER 04","145","162","161","161;162","","10","0","0","No source-approved book-back questions are published for this chapter; existing candidates require section mapping and individual teacher review.; No numbered option-key line detected; do not infer an official answer."
"12-computer-technology-tamil-c66e9089","Computer Technology","","5","tb-12-computer-technology-tamil-c66e9089-ch-5","XII CompTech_Tamil version CHAPTER 05","163","188","187","187;188","","14","0","0","No source-approved book-back questions are published for this chapter; existing candidates require section mapping and individual teacher review.; No numbered option-key line detected; do not infer an official answer."
"12-computer-technology-tamil-c66e9089","Computer Technology","","6","tb-12-computer-technology-tamil-c66e9089-ch-6","XII CompTech_Tamil version CHAPTER 06","189","231","230","230","","8","0","0","No source-approved book-back questions are published for this chapter; existing candidates require section mapping and individual teacher review.; No numbered option-key line detected; do not infer an official answer."
"12-computer-technology-tamil-cff5867a","Computer Technology","","1","tb-12-computer-technology-tamil-cff5867a-ch-1","XII CompTech_Tamil version CHAPTER 01","7","50","48","48;49","","12","0","0","No source-approved book-back questions are published for this chapter; existing candidates require section mapping and individual teacher review.; No numbered option-key line detected; do not infer an official answer."
"12-computer-technology-tamil-cff5867a","Computer Technology","","2","tb-12-computer-technology-tamil-cff5867a-ch-2","XII CompTech_Tamil version CHAPTER 02","51","98","96","96;97;98","","14","0","0","No source-approved book-back questions are published for this chapter; existing candidates require section mapping and individual teacher review.; No numbered option-key line detected; do not infer an official answer."
"12-computer-technology-tamil-cff5867a","Computer Technology","","3","tb-12-computer-technology-tamil-cff5867a-ch-3","XII CompTech_Tamil version CHAPTER 03","99","144","142","142;143","","14","0","0","No source-approved book-back questions are published for this chapter; existing candidates require section mapping and individual teacher review.; No numbered option-key line detected; do not infer an official answer."
"12-computer-technology-tamil-cff5867a","Computer Technology","","4","tb-12-computer-technology-tamil-cff5867a-ch-4","XII CompTech_Tamil version CHAPTER 04","145","162","161","161;162","","10","0","0","No source-approved book-back questions are published for this chapter; existing candidates require section mapping and individual teacher review.; No numbered option-key line detected; do not infer an official answer."
"12-computer-technology-tamil-cff5867a","Computer Technology","","5","tb-12-computer-technology-tamil-cff5867a-ch-5","XII CompTech_Tamil version CHAPTER 05","163","188","187","187;188","","14","0","0","No source-approved book-back questions are published for this chapter; existing candidates require section mapping and individual teacher review.; No numbered option-key line detected; do not infer an official answer."
"12-computer-technology-tamil-cff5867a","Computer Technology","","6","tb-12-computer-technology-tamil-cff5867a-ch-6","XII CompTech_Tamil version CHAPTER 06","189","231","230","230","","8","0","0","No source-approved book-back questions are published for this chapter; existing candidates require section mapping and individual teacher review.; No numbered option-key line detected; do not infer an official answer."
"12-physics-tamil-v1-c1623725","Physics","1","1","tb-12-physics-tamil-v1-c1623725-ch-1","2_UNIT-1(XII-Physics_Vol-1)_Tamil","9","87","79","79;80;81","81","14","0","0","No source-approved book-back questions are published for this chapter; existing candidates require section mapping and individual teacher review.; Numbered key evidence is provisional and must be scoped to the exact exercise; no answer was approved."
"12-physics-tamil-v1-c1623725","Physics","1","2","tb-12-physics-tamil-v1-c1623725-ch-2","3_UNIT-2(XII-Physics_Vol-1)_Tamil","88","132","126","126;127","127","13","0","0","No source-approved book-back questions are published for this chapter; existing candidates require section mapping and individual teacher review.; Numbered key evidence is provisional and must be scoped to the exact exercise; no answer was approved."
"12-physics-tamil-v1-c1623725","Physics","1","3","tb-12-physics-tamil-v1-c1623725-ch-3","4_UNIT-3(XII-Physics_Vol-1)_Tamil","133","202","197","197;198;199","199","15","0","0","No source-approved book-back questions are published for this chapter; existing candidates require section mapping and individual teacher review.; Numbered key evidence is provisional and must be scoped to the exact exercise; no answer was approved."
"12-physics-tamil-v1-c1623725","Physics","1","4","tb-12-physics-tamil-v1-c1623725-ch-4","5_UNIT-4(XII-Physics_Vol-1)_Tamil","203","274","267","267;268;269","269","14","0","0","No source-approved book-back questions are published for this chapter; existing candidates require section mapping and individual teacher review.; Numbered key evidence is provisional and must be scoped to the exact exercise; no answer was approved."
"12-physics-tamil-v1-c1623725","Physics","1","5","tb-12-physics-tamil-v1-c1623725-ch-5","6_UNIT-5(XII-Physics_Vol-1)_Tamil","275","294","291","291;292","292","16","0","0","No source-approved book-back questions are published for this chapter; existing candidates require section mapping and individual teacher review.; Numbered key evidence is provisional and must be scoped to the exact exercise; no answer was approved."
